Local Authority,Local Electoral Area,Dwelling Type,RT Number,Number of Bedrooms,Number of Bed Spaces,BER,Rent (Month),Floor Space m2,Match Score,ED Name,Tenancy Start,Tenancy Updated
DUBLIN CITY COUNTY COUNCIL,Clontarf,House,RT-0420-01593560-26,3,3,D2,"2,400.00",80,91.07,CLONTARF EAST D,04/2020,2026
DUBLIN CITY COUNTY COUNCIL,Clontarf,House,RT-1125-01636819,3,5,D2,"2,376.00",90,88.50,CLONTARF EAST D,11/2025,
DUBLIN CITY COUNTY COUNCIL,Clontarf,House,RT-1219-01559022-25,3,5,,"2,341.00",90,84.50,CLONTARF EAST D,12/2019,2025
DUBLIN CITY COUNTY COUNCIL,Clontarf,House,RT-0226-01771584,3,4,C3,"2,307.00",82,79.36,CLONTARF EAST B,02/2026,
DUBLIN CITY COUNTY COUNCIL,Clontarf,House,RT-0925-01587232,3,5,C3,"2,100.00",84,79.36,GRACE PARK,09/2025,
DUBLIN CITY COUNTY COUNCIL,Clontarf,House,RT-1125-01630875,3,0,C1,"2,900.00",91,76.86,BEAUMONT D,11/2025,
DUBLIN CITY COUNTY COUNCIL,Clontarf,House,RT-0725-01498296,3,6,C1,"2,500.00",75,76.86,CLONTARF WEST B,07/2025,
DUBLIN CITY COUNTY COUNCIL,Clontarf,House,RT-0226-01761845,3,5,C2,"3,200.00",89,76.14,BEAUMONT F,02/2026,
DUBLIN CITY COUNTY COUNCIL,Clontarf,House,RT-0618-01358435-24,3,5,G,"1,796.00",83,76.00,CLONTARF EAST A,06/2018,2024
DUBLIN CITY COUNTY COUNCIL,Clontarf,House,RT-1118-01422616-25,3,5,C2,673.00,90,75.50,CLONTARF WEST A,11/2018,2025
DUBLIN CITY COUNTY COUNCIL,Clontarf,House,RT-0425-01381948-26,3,6,B3,"2,500.00",70,,CLONTARF WEST B,04/2025,2026
DUBLIN CITY COUNTY COUNCIL,Clontarf,House,RT-1225-01678014,3,4,C2,"3,200.00",70,,BEAUMONT D,12/2025,
DUBLIN CITY COUNTY COUNCIL,Clontarf,House,RT-0326-01783966,3,4,B3,"3,500.00",73,,,03/2026,
DUBLIN CITY COUNTY COUNCIL,Clontarf,House,RT-0226-01758202,3,5,D1,"2,400.00",66,,CLONTARF WEST B,02/2026,
DUBLIN CITY COUNTY COUNCIL,Clontarf,House,RT-0624-01035298-25,3,5,F,"2,400.00",66,,CLONTARF WEST B,06/2024,2025
DUBLIN CITY COUNTY COUNCIL,Clontarf,House,RT-1225-01673359,3,2,B3,"1,500.00",75,,DRUMCONDRA SOUTH A,12/2025,
DUBLIN CITY COUNTY COUNCIL,Clontarf,House,RT-1218-01425940-25,3,5,D2,"1,150.00",75,,CLONTARF EAST B,12/2018,2025
DUBLIN CITY COUNTY COUNCIL,Clontarf,House,RT-0918-01392329-25,3,3,D2,"1,700.00",75,,GRACE PARK,09/2018,2025
DUBLIN CITY COUNTY COUNCIL,Clontarf,House,RT-0119-01439881-25,3,4,E1,"1,755.00",65,,CLONTARF WEST B,01/2019,2025
DUBLIN CITY COUNTY COUNCIL,Clontarf,House,RT-0525-01431719,3,6,A2,"3,662.00",137,,CLONTARF EAST D,05/2025,
DUBLIN CITY COUNTY COUNCIL,Clontarf,House,RT-0718-01359560-25,3,0,E1,"2,440.00",138,,CLONTARF EAST D,07/2018,2025
DUBLIN CITY COUNTY COUNCIL,Clontarf,House,RT-0924-01160162-25,3,4,C2,"3,500.00",130,,CLONTARF EAST D,09/2024,2025
DUBLIN CITY COUNTY COUNCIL,Clontarf,House,RT-0525-01427263,3,0,A2,"3,878.00",140,,CLONTARF WEST A,05/2025,
DUBLIN CITY COUNTY COUNCIL,Clontarf,House,RT-0925-01553125-25,3,6,A2,"3,217.00",140,,CLONTARF WEST C,09/2025,2025
DUBLIN CITY COUNTY COUNCIL,Clontarf,House,RT-0226-01756811,3,3,A3,"3,770.00",143,,CLONTARF EAST C,02/2026,
DUBLIN CITY COUNTY COUNCIL,Clontarf,House,RT-0725-01478981,3,0,A2,"3,871.00",134,,CLONTARF WEST A,07/2025,
DUBLIN CITY COUNTY COUNCIL,Clontarf,House,RT-0226-01773372,3,6,A2,"3,695.00",130,,CLONTARF WEST C,02/2026,
DUBLIN CITY COUNTY COUNCIL,Clontarf,House,RT-0618-01358664-25,3,0,D1,"1,650.00",140,,HARMONSTOWN B,06/2018,2025
DUBLIN CITY COUNTY COUNCIL,Clontarf,House,RT-0719-01503814-25,3,0,D2,"2,034.00",140,,CLONTARF EAST C,07/2019,2025
DUBLIN CITY COUNTY COUNCIL,Clontarf,House,RT-0818-01379503-25,3,6,F,"1,270.00",75,,GRACE PARK,08/2018,2025
DUBLIN CITY COUNTY COUNCIL,Clontarf,House,RT-1225-01684174,3,5,E2,"2,050.00",78,,GRACE PARK,12/2025,
DUBLIN CITY COUNTY COUNCIL,Clontarf,House,RT-0924-01126596-25,3,5,C2,"2,800.00",133,,CLONTARF WEST A,09/2024,2025
DUBLIN CITY COUNTY COUNCIL,Clontarf,House,RT-0925-01559223,3,6,E1,"3,200.00",137,,CLONTARF WEST D,09/2025,
DUBLIN CITY COUNTY COUNCIL,Clontarf,House,RT-0924-01148462-25,3,2,D2,"2,175.00",80,,CLONTARF WEST D,09/2024,2025
DUBLIN CITY COUNTY COUNCIL,Clontarf,House,RT-0119-01433702-26,3,5,E2,"1,636.39",80,,GRACE PARK,01/2019,2026
DUBLIN CITY COUNTY COUNCIL,Clontarf,House,RT-0624-01033379-25,3,4,E2,"1,479.00",80,,CLONTARF WEST E,06/2024,2025
DUBLIN CITY COUNTY COUNCIL,Clontarf,House,RT-1224-01252283-25,3,6,B3,"2,800.00",81,,GRACE PARK,12/2024,2025
DUBLIN CITY COUNTY COUNCIL,Clontarf,House,RT-0725-01493322,3,0,D1,"2,700.00",82,,BEAUMONT F,07/2025,
DUBLIN CITY COUNTY COUNCIL,Clontarf,House,RT-0925-01559884,3,5,E2,"2,750.00",82,,CLONTARF WEST E,09/2025,
DUBLIN CITY COUNTY COUNCIL,Clontarf,House,RT-0126-01699735,3,3,C1,"3,300.00",120,,CLONTARF EAST D,01/2026,
DUBLIN CITY COUNTY COUNCIL,Clontarf,House,RT-0425-01383784,3,6,G,"3,750.00",120,,CLONTARF EAST D,04/2025,
DUBLIN CITY COUNTY COUNCIL,Clontarf,House,RT-1025-01593896,3,3,C3,"2,900.00",130,,CLONTARF EAST B,10/2025,
DUBLIN CITY COUNTY COUNCIL,Clontarf,House,RT-0325-01368811-26,3,0,D1,"3,114.00",130,,GRACE PARK,03/2025,2026
DUBLIN CITY COUNTY COUNCIL,Clontarf,House,RT-0918-01397060-25,3,4,D2,"2,350.00",130,,DRUMCONDRA SOUTH A,09/2018,2025
DUBLIN CITY COUNTY COUNCIL,Clontarf,House,RT-0825-01532330,3,3,E1,"3,100.00",85,,CLONTARF EAST B,08/2025,
DUBLIN CITY COUNTY COUNCIL,Clontarf,House,RT-0226-01768652,3,5,E2,"2,850.00",85,,CLONTARF WEST A,02/2026,
DUBLIN CITY COUNTY COUNCIL,Clontarf,House,RT-0718-01364631-25,3,5,E1,"1,463.00",84,,GRACE PARK,07/2018,2025
DUBLIN CITY COUNTY COUNCIL,Clontarf,House,RT-0625-01466200,3,3,D1,"2,040.00",88,,CLONTARF EAST B,06/2025,
DUBLIN CITY COUNTY COUNCIL,Clontarf,House,RT-0326-01787898,3,0,A3,"3,330.00",120,,DRUMCONDRA SOUTH A,03/2026,
DUBLIN CITY COUNTY COUNCIL,Clontarf,House,RT-0524-01013912-25,3,0,C3,"2,762.00",123,,BEAUMONT F,05/2024,2025
DUBLIN CITY COUNTY COUNCIL,Clontarf,House,RT-0825-01546812,3,4,D1,"2,700.00",122,,CLONTARF EAST A,08/2025,
DUBLIN CITY COUNTY COUNCIL,Clontarf,House,RT-0120-01570135-26,3,6,F,"2,350.00",128,,BEAUMONT F,01/2020,2026
DUBLIN CITY COUNTY COUNCIL,Clontarf,House,RT-0624-01025218-25,3,4,,"2,900.00",98,,CLONTARF EAST D,06/2024,2025
DUBLIN CITY COUNTY COUNCIL,Clontarf,House,RT-1025-01603443,3,3,B2,"2,380.00",90,,CLONTARF EAST E,10/2025,
DUBLIN CITY COUNTY COUNCIL,Clontarf,House,RT-1019-01535347-25,3,6,D2,"1,663.00",90,,GRACE PARK,10/2019,2025
DUBLIN CITY COUNTY COUNCIL,Clontarf,House,RT-1025-01605911,3,5,D2,"2,700.00",90,,CLONTARF WEST E,10/2025,
DUBLIN CITY COUNTY COUNCIL,Clontarf,House,RT-0519-01479691-25,3,5,D2,"2,041.00",90,,BEAUMONT F,05/2019,2025
DUBLIN CITY COUNTY COUNCIL,Clontarf,House,RT-0119-01435553-26,3,3,D2,"1,500.00",90,,BEAUMONT D,01/2019,2026
DUBLIN CITY COUNTY COUNCIL,Clontarf,House,RT-0924-01150317-25,3,5,D2,"1,735.00",90,,BEAUMONT F,09/2024,2025
DUBLIN CITY COUNTY COUNCIL,Clontarf,House,RT-0419-01471710-25,3,0,,"1,950.00",110,,CLONTARF EAST D,04/2019,2025
DUBLIN CITY COUNTY COUNCIL,Clontarf,House,RT-0925-01557500,3,2,B2,"1,100.00",120,,BEAUMONT F,09/2025,
DUBLIN CITY COUNTY COUNCIL,Clontarf,House,RT-1125-01638817-26,3,5,B3,"2,800.00",120,,GRACE PARK,11/2025,2026
DUBLIN CITY COUNTY COUNCIL,Clontarf,House,RT-0220-01575833-26,3,5,C1,"1,893.67",120,,BEAUMONT E,02/2020,2026
DUBLIN CITY COUNTY COUNCIL,Clontarf,House,RT-1124-01216258-25,3,4,C1,"2,762.00",120,,CLONTARF WEST A,11/2024,2025
DUBLIN CITY COUNTY COUNCIL,Clontarf,House,RT-1118-01413082-25,3,3,C3,"2,225.00",120,,CLONTARF WEST D,11/2018,2025
DUBLIN CITY COUNTY COUNCIL,Clontarf,House,RT-0324-00932984-25,3,0,D1,"2,545.00",104,,CLONTARF EAST D,03/2024,2025
DUBLIN CITY COUNTY COUNCIL,Clontarf,House,RT-1125-01656593,3,5,A3,"3,600.00",98,,CLONTARF EAST E,11/2025,
DUBLIN CITY COUNTY COUNCIL,Clontarf,House,RT-1124-01216273-25,3,6,A3,"2,448.00",102,,BEAUMONT D,11/2024,2025
DUBLIN CITY COUNTY COUNCIL,Clontarf,House,RT-0724-01061672-25,3,4,B3,"3,500.00",95,,CLONTARF EAST E,07/2024,2025
DUBLIN CITY COUNTY COUNCIL,Clontarf,House,RT-0120-01562741-25,3,5,C1,"2,700.00",95,,CLONTARF EAST B,01/2020,2025
DUBLIN CITY COUNTY COUNCIL,Clontarf,House,RT-0325-01349416-26,3,6,C3,"2,635.00",95,,CLONTARF WEST D,03/2025,2026
DUBLIN CITY COUNTY COUNCIL,Clontarf,House,RT-0325-01345627,3,0,D1,"2,310.00",95,,BEAUMONT F,03/2025,
DUBLIN CITY COUNTY COUNCIL,Clontarf,House,RT-0925-01574498,3,5,D1,"1,926.00",107,,CLONTARF EAST D,09/2025,
DUBLIN CITY COUNTY COUNCIL,Clontarf,House,RT-1024-01166558-25,3,3,A2,"2,700.00",110,,DRUMCONDRA SOUTH A,10/2024,2025
DUBLIN CITY COUNTY COUNCIL,Clontarf,House,RT-0126-01734967,3,4,C1,"3,500.00",115,,BEAUMONT F,01/2026,
DUBLIN CITY COUNTY COUNCIL,Clontarf,House,RT-1025-01606101,3,5,D2,"2,815.00",115,,CLONTARF EAST E,10/2025,
DUBLIN CITY COUNTY COUNCIL,Clontarf,House,RT-0525-01417072-25,3,4,D1,"3,000.00",116,,DRUMCONDRA SOUTH A,05/2025,2025
DUBLIN CITY COUNTY COUNCIL,Clontarf,House,RT-0220-01572005-26,3,0,B3,"2,047.50",100,,HARMONSTOWN B,02/2020,2026
DUBLIN CITY COUNTY COUNCIL,Clontarf,House,RT-1225-01692686,3,5,B3,"3,300.00",100,,CLONTARF WEST D,12/2025,
DUBLIN CITY COUNTY COUNCIL,Clontarf,House,RT-0126-01725857,3,6,B2,"2,718.00",110,,CLONTARF EAST E,01/2026,
DUBLIN CITY COUNTY COUNCIL,Clontarf,House,RT-0925-01571055,3,0,B2,"3,200.00",110,,CLONTARF EAST B,09/2025,
DUBLIN CITY COUNTY COUNCIL,Clontarf,House,RT-1225-01692887,3,4,C1,"2,350.00",110,,GRACE PARK,12/2025,
DUBLIN CITY COUNTY COUNCIL,Clontarf,House,RT-1125-01666802,3,3,C1,"3,400.00",105,,CLONTARF WEST B,11/2025,
DUBLIN CITY COUNTY COUNCIL,Clontarf,House,RT-0226-01765144,3,3,C2,"3,300.00",105,,DRUMCONDRA SOUTH A,02/2026,
DUBLIN CITY COUNTY COUNCIL,Clontarf,House,RT-0325-01349755-26,3,6,E1,"2,300.00",105,,BEAUMONT F,03/2025,2026
DUBLIN CITY COUNTY COUNCIL,Clontarf,House,RT-0619-01484620-26,4,4,,"2,600.00",70,,DRUMCONDRA SOUTH A,06/2019,2026
DUBLIN CITY COUNTY COUNCIL,Clontarf,House,RT-1024-01196193-25,4,4,,"2,860.00",75,,DRUMCONDRA SOUTH A,10/2024,2025
DUBLIN CITY COUNTY COUNCIL,Clontarf,House,RT-1225-01690265,2,3,C3,"2,350.00",70,,CLONTARF EAST D,12/2025,
DUBLIN CITY COUNTY COUNCIL,Clontarf,House,RT-0824-01118694-25,4,8,B3,"4,200.00",187,,CLONTARF EAST D,08/2024,2025
DUBLIN CITY COUNTY COUNCIL,Clontarf,House,RT-0819-01507441-25,4,6,E1,"2,034.00",160,,CLONTARF EAST D,08/2019,2025
DUBLIN CITY COUNTY COUNCIL,Clontarf,House,RT-0524-00997043-25,2,4,C2,"2,700.00",66,,CLONTARF EAST D,05/2024,2025
DUBLIN CITY COUNTY COUNCIL,Clontarf,House,RT-0120-01565787-26,2,4,G,"2,200.00",74,,CLONTARF EAST D,01/2020,2026
DUBLIN CITY COUNTY COUNCIL,Clontarf,House,RT-0424-00960595-25,2,2,,"2,250.00",70,,CLONTARF EAST D,04/2024,2025
DUBLIN CITY COUNTY COUNCIL,Clontarf,House,RT-1125-01644053,4,4,B2,"3,000.00",78,,CLONTARF WEST C,11/2025,
DUBLIN CITY COUNTY COUNCIL,Clontarf,House,RT-0725-01495883,2,4,F,"1,705.00",76,,CLONTARF EAST D,07/2025,
DUBLIN CITY COUNTY COUNCIL,Clontarf,House,RT-0724-01076568-25,4,0,A3,"4,650.00",130,,GRACE PARK,07/2024,2025
DUBLIN CITY COUNTY COUNCIL,Clontarf,House,RT-0825-01513187,4,5,B3,"3,060.00",142,,BEAUMONT E,08/2025,
DUBLIN CITY COUNTY COUNCIL,Clontarf,House,RT-0824-01095123-25,4,7,C3,"3,750.00",134,,CLONTARF EAST C,08/2024,2025
DUBLIN CITY COUNTY COUNCIL,Clontarf,House,RT-1024-01191348-25,4,8,F,"1,886.00",134,,DRUMCONDRA SOUTH A,10/2024,2025
DUBLIN CITY COUNTY COUNCIL,Clontarf,House,RT-1024-01177198-25,4,7,D2,"3,610.00",132,,DRUMCONDRA SOUTH A,10/2024,2025
DUBLIN CITY COUNTY COUNCIL,Clontarf,House,RT-1225-01687637,4,3,B2,"2,100.00",130,,BEAUMONT D,12/2025,
DUBLIN CITY COUNTY COUNCIL,Clontarf,House,RT-0425-01385461-26,4,4,B3,"3,600.00",150,,GRACE PARK,04/2025,2026
DUBLIN CITY COUNTY COUNCIL,Clontarf,House,RT-0126-01704900,4,4,C3,"3,500.00",150,,CLONTARF EAST B,01/2026,
DUBLIN CITY COUNTY COUNCIL,Clontarf,House,RT-0324-00913620-25,4,6,E2,"3,174.00",130,,CLONTARF EAST C,03/2024,2025
DUBLIN CITY COUNTY COUNCIL,Clontarf,House,RT-0925-01556108,4,4,,"3,800.00",140,,BEAUMONT F,09/2025,
DUBLIN CITY COUNTY COUNCIL,Clontarf,House,RT-0424-00968726-25,2,4,,"2,340.00",75,,CLONTARF EAST D,04/2024,2025
DUBLIN CITY COUNTY COUNCIL,Clontarf,House,RT-0519-01477107-25,4,7,,"2,049.33",125,,CLONTARF EAST D,05/2019,2025
DUBLIN CITY COUNTY COUNCIL,Clontarf,House,RT-1122-00332030-25,4,0,,"4,000.00",135,,CLONTARF EAST B,11/2022,2025
DUBLIN CITY COUNTY COUNCIL,Clontarf,House,RT-1024-01198007-25,4,8,,"2,757.00",136,,CLONTARF EAST E,10/2024,2025
DUBLIN CITY COUNTY COUNCIL,Clontarf,House,RT-0725-01506916,4,5,D1,"2,845.00",90,,CLONTARF WEST D,07/2025,
DUBLIN CITY COUNTY COUNCIL,Clontarf,House,RT-0918-01392338-25,4,4,D2,"1,950.00",90,,BEAUMONT F,09/2018,2025
DUBLIN CITY COUNTY COUNCIL,Clontarf,House,RT-1024-01189639-25,4,7,E1,"2,595.00",91,,CLONTARF WEST E,10/2024,2025
DUBLIN CITY COUNTY COUNCIL,Clontarf,House,RT-1025-01591915,4,4,,"1,000.00",120,,CLONTARF EAST D,10/2025,
DUBLIN CITY COUNTY COUNCIL,Clontarf,House,RT-0326-01784022,4,3,A3,"2,000.00",121,,,03/2026,
DUBLIN CITY COUNTY COUNCIL,Clontarf,House,RT-0725-01509111,4,4,C1,"2,721.00",123,,GRACE PARK,07/2025,
DUBLIN CITY COUNTY COUNCIL,Clontarf,House,RT-0725-01486489,4,4,G,"2,100.00",92,,CLONTARF WEST E,07/2025,
DUBLIN CITY COUNTY COUNCIL,Clontarf,House,RT-0625-01465923,4,7,C2,"2,700.00",93,,BEAUMONT F,06/2025,
DUBLIN CITY COUNTY COUNCIL,Clontarf,House,RT-1025-01598801-26,4,6,,"1,583.00",90,,DRUMCONDRA SOUTH A,10/2025,2026
DUBLIN CITY COUNTY COUNCIL,Clontarf,House,RT-0524-01001976-25,4,7,D1,"2,848.00",123,,CLONTARF WEST E,05/2024,2025
DUBLIN CITY COUNTY COUNCIL,Clontarf,House,RT-0225-01304570-26,4,5,B3,"2,005.00",120,,BEAUMONT E,02/2025,2026
DUBLIN CITY COUNTY COUNCIL,Clontarf,House,RT-0818-01375484-25,4,6,F,"2,650.00",120,,CLONTARF WEST D,08/2018,2025
DUBLIN CITY COUNTY COUNCIL,Clontarf,House,RT-1024-01195576-25,4,7,C2,"2,478.00",95,,CLONTARF WEST E,10/2024,2025
DUBLIN CITY COUNTY COUNCIL,Clontarf,House,RT-0724-01048674-25,4,4,C3,"2,850.00",98,,GRACE PARK,07/2024,2025
DUBLIN CITY COUNTY COUNCIL,Clontarf,House,RT-1125-01646993,4,4,A3,"4,000.00",110,,HARMONSTOWN B,11/2025,
DUBLIN CITY COUNTY COUNCIL,Clontarf,House,RT-0624-01022576-25,4,7,D2,"3,200.00",116,,BEAUMONT F,06/2024,2025
DUBLIN CITY COUNTY COUNCIL,Clontarf,House,RT-0825-01519127,4,7,B3,"2,634.00",100,,BEAUMONT D,08/2025,
DUBLIN CITY COUNTY COUNCIL,Clontarf,House,RT-0825-01538178,4,5,B3,"3,350.00",100,,BEAUMONT F,08/2025,
DUBLIN CITY COUNTY COUNCIL,Clontarf,House,RT-1025-01610702,4,7,C1,"2,500.00",100,,CLONTARF WEST D,10/2025,
DUBLIN CITY COUNTY COUNCIL,Clontarf,House,RT-0120-01569472-26,4,5,C3,"2,366.00",100,,CLONTARF WEST E,01/2020,2026
DUBLIN CITY COUNTY COUNCIL,Clontarf,House,RT-0525-01435920-25,4,4,D2,"1,000.00",115,,GRACE PARK,05/2025,2025
DUBLIN CITY COUNTY COUNCIL,Clontarf,House,RT-0825-01529929,4,4,E2,"2,400.00",115,,DRUMCONDRA SOUTH A,08/2025,
DUBLIN CITY COUNTY COUNCIL,Clontarf,House,RT-1025-01609762,4,4,E2,"1,750.00",115,,GRACE PARK,10/2025,
DUBLIN CITY COUNTY COUNCIL,Clontarf,House,RT-1125-01643702,4,7,B2,"3,750.00",112,,GRACE PARK,11/2025,
DUBLIN CITY COUNTY COUNCIL,Clontarf,House,RT-1224-01239638-25,4,7,D2,"3,621.00",111,,CLONTARF WEST D,12/2024,2025
DUBLIN CITY COUNTY COUNCIL,Clontarf,House,RT-0925-01572769,4,7,E1,"2,350.00",100,,BEAUMONT E,09/2025,
DUBLIN CITY COUNTY COUNCIL,Clontarf,House,RT-1025-01592008,4,7,E2,"2,350.00",100,,BEAUMONT E,10/2025,
DUBLIN CITY COUNTY COUNCIL,Clontarf,House,RT-0818-01377054-25,4,6,E2,"1,400.00",100,,CLONTARF EAST B,08/2018,2025
DUBLIN CITY COUNTY COUNCIL,Clontarf,House,RT-0925-01552205,4,4,D2,"2,249.00",101,,GRACE PARK,09/2025,
DUBLIN CITY COUNTY COUNCIL,Clontarf,House,RT-1018-01404941-25,4,7,F,"1,950.00",102,,HARMONSTOWN B,10/2018,2025
DUBLIN CITY COUNTY COUNCIL,Clontarf,House,RT-0825-01538170,4,7,B2,"3,500.00",110,,GRACE PARK,08/2025,
DUBLIN CITY COUNTY COUNCIL,Clontarf,House,RT-1025-01620925-26,4,4,C1,"2,500.00",110,,GRACE PARK,10/2025,2026
DUBLIN CITY COUNTY COUNCIL,Clontarf,House,RT-1119-01549112-25,4,4,D1,"2,710.00",110,,GRACE PARK,11/2019,2025
DUBLIN CITY COUNTY COUNCIL,Clontarf,House,RT-0825-01523455,4,4,D2,"2,500.00",110,,CLONTARF WEST D,08/2025,
DUBLIN CITY COUNTY COUNCIL,Clontarf,House,RT-0122-00029026-25,4,8,C2,"2,663.38",103,,GRACE PARK,01/2022,2025
DUBLIN CITY COUNTY COUNCIL,Clontarf,House,RT-0625-01462474,5,8,C1,"4,750.00",148,,CLONTARF EAST D,06/2025,
DUBLIN CITY COUNTY COUNCIL,Clontarf,House,RT-0424-00968784-25,2,4,,"2,295.00",75,,CLONTARF EAST D,04/2024,2025
DUBLIN CITY COUNTY COUNCIL,Clontarf,House,RT-0424-00972410-25,5,5,,"2,200.00",60,,DRUMCONDRA SOUTH A,04/2024,2025
DUBLIN CITY COUNTY COUNCIL,Clontarf,House,RT-0924-01143635-25,5,5,A2,"3,500.00",173,,BEAUMONT D,09/2024,2025
DUBLIN CITY COUNTY COUNCIL,Clontarf,House,RT-0925-01560099-25,5,10,A3,"4,650.00",130,,GRACE PARK,09/2025,2025
DUBLIN CITY COUNTY COUNCIL,Clontarf,House,RT-0525-01409747,5,9,C3,"4,250.00",140,,CLONTARF EAST C,05/2025,
DUBLIN CITY COUNTY COUNCIL,Clontarf,House,RT-0225-01316147-25,5,7,A3,"4,650.00",153,,GRACE PARK,02/2025,2025
DUBLIN CITY COUNTY COUNCIL,Clontarf,House,RT-1225-01677218,5,0,C2,"2,484.00",150,,CLONTARF WEST A,12/2025,
DUBLIN CITY COUNTY COUNCIL,Clontarf,House,RT-0819-01508281-25,5,0,E1,"2,700.00",130,,BEAUMONT D,08/2019,2025
DUBLIN CITY COUNTY COUNCIL,Clontarf,House,RT-1125-01664651,5,5,,"4,694.35",130,,GRACE PARK,11/2025,
DUBLIN CITY COUNTY COUNCIL,Clontarf,House,RT-0918-01392375-25,5,5,D2,"1,860.00",90,,BEAUMONT F,09/2018,2025
DUBLIN CITY COUNTY COUNCIL,Clontarf,House,RT-0625-01455123,5,5,B3,"4,500.00",120,,CLONTARF WEST B,06/2025,
DUBLIN CITY COUNTY COUNCIL,Clontarf,House,RT-0924-01157734-25,5,6,D2,"3,590.00",92,,DRUMCONDRA SOUTH A,09/2024,2025
DUBLIN CITY COUNTY COUNCIL,Clontarf,House,RT-0120-01560162-25,5,5,A3,"3,348.00",189,,BEAUMONT D,01/2020,2025
DUBLIN CITY COUNTY COUNCIL,Clontarf,House,RT-0522-00073981-25,5,6,C2,"3,800.00",120,,CLONTARF WEST D,05/2022,2025
DUBLIN CITY COUNTY COUNCIL,Clontarf,House,RT-0419-01469442-25,5,5,D2,"2,200.00",120,,DRUMCONDRA SOUTH A,04/2019,2025
DUBLIN CITY COUNTY COUNCIL,Clontarf,House,RT-1118-01417023-25,5,0,,"3,409.00",120,,CLONTARF EAST B,11/2018,2025
DUBLIN CITY COUNTY COUNCIL,Clontarf,House,RT-0918-01392236-25,5,5,,"1,950.00",120,,BEAUMONT F,09/2018,2025
DUBLIN CITY COUNTY COUNCIL,Clontarf,House,RT-0818-01383298-25,3,6,B2,"1,558.00",139,,DRUMCONDRA SOUTH A,08/2018,2025
DUBLIN CITY COUNTY COUNCIL,Clontarf,House,RT-0724-01066495-25,3,3,B3,"1,950.00",139,,CLONTARF WEST A,07/2024,2025
DUBLIN CITY COUNTY COUNCIL,Clontarf,House,RT-0126-01714512,3,4,E1,"3,200.00",142,,DRUMCONDRA SOUTH A,01/2026,
DUBLIN CITY COUNTY COUNCIL,Clontarf,House,RT-1224-01250639,2,0,B3,"2,490.00",70,,GRACE PARK,12/2024,
DUBLIN CITY COUNTY COUNCIL,Clontarf,House,RT-0924-01123850-25,2,4,B3,"2,058.00",70,,CLONTARF WEST B,09/2024,2025
DUBLIN CITY COUNTY COUNCIL,Clontarf,House,RT-0924-01160358-25,2,3,C3,"1,970.00",70,,HARMONSTOWN B,09/2024,2025
DUBLIN CITY COUNTY COUNCIL,Clontarf,House,RT-0225-01332811,5,5,C2,"3,000.00",186,,BEAUMONT F,02/2025,
DUBLIN CITY COUNTY COUNCIL,Clontarf,House,RT-0824-01116098-25,2,4,C3,"1,913.00",69,,DRUMCONDRA SOUTH A,08/2024,2025
DUBLIN CITY COUNTY COUNCIL,Clontarf,House,RT-0724-01084439-25,2,2,C3,"2,400.00",75,,HARMONSTOWN B,07/2024,2025
DUBLIN CITY COUNTY COUNCIL,Clontarf,House,RT-0925-01581880,2,4,C3,"3,100.00",80,,CLONTARF WEST C,09/2025,
DUBLIN CITY COUNTY COUNCIL,Clontarf,House,RT-0325-01352752-25,2,3,C3,"2,350.00",80,,CLONTARF WEST A,03/2025,2025
DUBLIN CITY COUNTY COUNCIL,Clontarf,House,RT-0725-01488032,3,5,C3,"2,348.00",91,,BEAUMONT F,07/2025,
DUBLIN CITY COUNTY COUNCIL,Clontarf,House,RT-1124-01226009-25,3,3,C3,"2,800.00",92,,BEAUMONT F,11/2024,2025
DUBLIN CITY COUNTY COUNCIL,Clontarf,House,RT-0425-01391512,3,6,C3,"3,100.00",94,,DRUMCONDRA SOUTH A,04/2025,
DUBLIN CITY COUNTY COUNCIL,Clontarf,House,RT-1025-01607290,5,6,F,"3,640.00",111,,CLONTARF WEST D,10/2025,
DUBLIN CITY COUNTY COUNCIL,Clontarf,House,RT-0824-01121975-25,5,5,B3,"3,080.00",110,,GRACE PARK,08/2024,2025
DUBLIN CITY COUNTY COUNCIL,Clontarf,House,RT-0924-01141722-25,5,5,F,"1,807.00",110,,BEAUMONT F,09/2024,2025
DUBLIN CITY COUNTY COUNCIL,Clontarf,House,RT-1025-01612428,5,6,,"2,925.00",100,,DRUMCONDRA SOUTH A,10/2025,
DUBLIN CITY COUNTY COUNCIL,Clontarf,House,RT-0924-01148086-25,5,7,,"2,652.00",111,,BEAUMONT F,09/2024,2025
DUBLIN CITY COUNTY COUNCIL,Clontarf,House,RT-1118-01419548-25,5,9,D1,"2,750.00",175,,GRACE PARK,11/2018,2025
DUBLIN CITY COUNTY COUNCIL,Clontarf,House,RT-0125-01286182-26,3,4,,"2,700.00",72,,CLONTARF EAST A,01/2025,2026
DUBLIN CITY COUNTY COUNCIL,Clontarf,House,RT-0819-01505289-25,3,4,,"1,122.00",74,,CLONTARF WEST B,08/2019,2025
DUBLIN CITY COUNTY COUNCIL,Clontarf,House,RT-0126-01737240,3,3,,"2,327.00",75,,BEAUMONT F,01/2026,
DUBLIN CITY COUNTY COUNCIL,Clontarf,House,RT-0126-01719184,3,3,,"2,650.00",75,,BEAUMONT E,01/2026,
DUBLIN CITY COUNTY COUNCIL,Clontarf,House,RT-0725-01488883,3,0,,"2,850.00",75,,BEAUMONT F,07/2025,
DUBLIN CITY COUNTY COUNCIL,Clontarf,House,RT-0125-01270051-25,3,3,,"2,164.00",75,,CLONTARF WEST E,01/2025,2025
DUBLIN CITY COUNTY COUNCIL,Clontarf,House,RT-1024-01179482-26,3,4,,"1,100.00",130,,CLONTARF WEST D,10/2024,2026
DUBLIN CITY COUNTY COUNCIL,Clontarf,House,RT-1025-01596924-26,3,4,,"1,260.00",80,,DRUMCONDRA SOUTH A,10/2025,2026
DUBLIN CITY COUNTY COUNCIL,Clontarf,House,RT-1025-01598526-26,3,4,,"1,189.00",80,,DRUMCONDRA SOUTH A,10/2025,2026
DUBLIN CITY COUNTY COUNCIL,Clontarf,House,RT-1025-01596703-26,3,4,,"1,696.00",80,,DRUMCONDRA SOUTH A,10/2025,2026
DUBLIN CITY COUNTY COUNCIL,Clontarf,House,RT-1025-01596001-26,3,4,,"1,265.00",80,,DRUMCONDRA SOUTH A,10/2025,2026
DUBLIN CITY COUNTY COUNCIL,Clontarf,House,RT-1025-01596776-26,3,4,,"1,125.00",80,,DRUMCONDRA SOUTH A,10/2025,2026
DUBLIN CITY COUNTY COUNCIL,Clontarf,House,RT-1025-01596891-26,3,4,,"1,331.00",80,,DRUMCONDRA SOUTH A,10/2025,2026
DUBLIN CITY COUNTY COUNCIL,Clontarf,House,RT-1119-01542971-25,3,5,,"1,643.00",80,,CLONTARF WEST E,11/2019,2025
DUBLIN CITY COUNTY COUNCIL,Clontarf,House,RT-1018-01410725-25,3,5,,"1,622.00",80,,GRACE PARK,10/2018,2025
DUBLIN CITY COUNTY COUNCIL,Clontarf,House,RT-0919-01524389-25,3,0,,"1,320.00",130,,GRACE PARK,09/2019,2025
DUBLIN CITY COUNTY COUNCIL,Clontarf,House,RT-1019-01530242-25,3,6,,"2,700.00",130,,DRUMCONDRA SOUTH A,10/2019,2025
DUBLIN CITY COUNTY COUNCIL,Clontarf,House,RT-0226-01778218,3,3,,"1,720.00",85,,CLONTARF WEST D,02/2026,
DUBLIN CITY COUNTY COUNCIL,Clontarf,House,RT-1025-01595980-26,3,4,,"1,184.00",85,,DRUMCONDRA SOUTH A,10/2025,2026
DUBLIN CITY COUNTY COUNCIL,Clontarf,House,RT-0719-01494685-25,3,3,,"2,366.00",85,,BEAUMONT F,07/2019,2025
DUBLIN CITY COUNTY COUNCIL,Clontarf,House,RT-0625-01465188,3,5,,"1,600.00",85,,BEAUMONT E,06/2025,
DUBLIN CITY COUNTY COUNCIL,Clontarf,House,RT-0424-00945701-25,3,3,,"2,700.00",85,,CLONTARF EAST B,04/2024,2025
DUBLIN CITY COUNTY COUNCIL,Clontarf,House,RT-0220-01572680-25,3,4,,"1,850.00",125,,BEAUMONT E,02/2020,2025
DUBLIN CITY COUNTY COUNCIL,Clontarf,House,RT-0824-01107010-25,3,3,,"1,600.00",125,,HARMONSTOWN B,08/2024,2025
DUBLIN CITY COUNTY COUNCIL,Clontarf,House,RT-0220-01571358-26,3,5,,"2,080.00",90,,CLONTARF WEST E,02/2020,2026
DUBLIN CITY COUNTY COUNCIL,Clontarf,House,RT-1125-01633384,3,4,G,"1,820.00",90,,DRUMCONDRA SOUTH A,11/2025,
DUBLIN CITY COUNTY COUNCIL,Clontarf,House,RT-0625-01466715,3,3,,"2,405.00",90,,BEAUMONT F,06/2025,
DUBLIN CITY COUNTY COUNCIL,Clontarf,House,RT-0725-01480026,3,3,G,"1,200.00",90,,CLONTARF WEST E,07/2025,
DUBLIN CITY COUNTY COUNCIL,Clontarf,House,RT-0126-01715349,3,6,,"2,700.00",120,,DRUMCONDRA SOUTH A,01/2026,
DUBLIN CITY COUNTY COUNCIL,Clontarf,House,RT-0725-01495867,3,6,,"3,800.00",120,,CLONTARF WEST C,07/2025,
DUBLIN CITY COUNTY COUNCIL,Clontarf,House,RT-0725-01484899,3,5,F,"3,000.00",120,,CLONTARF WEST D,07/2025,
DUBLIN CITY COUNTY COUNCIL,Clontarf,House,RT-0119-01433794-25,3,3,,"1,952.00",95,,DRUMCONDRA SOUTH A,01/2019,2025
DUBLIN CITY COUNTY COUNCIL,Clontarf,House,RT-1024-01192460-25,3,5,,"3,000.00",95,,CLONTARF WEST C,10/2024,2025
DUBLIN CITY COUNTY COUNCIL,Clontarf,House,RT-0824-01111079-25,3,5,,"2,509.00",95,,CLONTARF WEST E,08/2024,2025
DUBLIN CITY COUNTY COUNCIL,Clontarf,House,RT-1018-01410747-25,3,5,,"1,624.00",115,,BEAUMONT F,10/2018,2025
DUBLIN CITY COUNTY COUNCIL,Clontarf,House,RT-0125-01291831,3,5,D2,"2,588.18",114,,CLONTARF EAST C,01/2025,
DUBLIN CITY COUNTY COUNCIL,Clontarf,House,RT-0126-01727564,3,3,,"2,000.00",100,,DRUMCONDRA SOUTH A,01/2026,
DUBLIN CITY COUNTY COUNCIL,Clontarf,House,RT-0220-01578163-26,3,6,,"2,100.00",100,,GRACE PARK,02/2020,2026
DUBLIN CITY COUNTY COUNCIL,Clontarf,House,RT-1219-01555332-26,3,3,C1,"2,194.44",100,,DRUMCONDRA SOUTH A,12/2019,2026
DUBLIN CITY COUNTY COUNCIL,Clontarf,House,RT-1025-01605956,3,6,,"3,300.00",110,,HARMONSTOWN B,10/2025,
DUBLIN CITY COUNTY COUNCIL,Clontarf,House,RT-0719-01502222-25,3,5,,"2,232.00",110,,GRACE PARK,07/2019,2025
DUBLIN CITY COUNTY COUNCIL,Clontarf,House,RT-0925-01553810,3,4,F,"2,592.00",110,,CLONTARF WEST E,09/2025,
DUBLIN CITY COUNTY COUNCIL,Clontarf,House,RT-0819-01508527-25,3,3,,"2,104.00",105,,GRACE PARK,08/2019,2025
DUBLIN CITY COUNTY COUNCIL,Clontarf,House,RT-0725-01506855,3,5,E2,"3,250.00",105,,CLONTARF WEST D,07/2025,
DUBLIN CITY COUNTY COUNCIL,Clontarf,House,RT-1024-01199142-25,3,5,F,"2,136.00",105,,CLONTARF EAST E,10/2024,2025
DUBLIN CITY COUNTY COUNCIL,Clontarf,House,RT-0225-01319376-25,4,8,,"3,800.00",140,,BEAUMONT D,02/2025,2025
DUBLIN CITY COUNTY COUNCIL,Clontarf,House,RT-0319-01461740-25,4,6,,"1,750.00",139,,BEAUMONT F,03/2019,2025
DUBLIN CITY COUNTY COUNCIL,Clontarf,House,RT-1225-01692416,4,7,,"3,000.00",130,,CLONTARF WEST D,12/2025,
DUBLIN CITY COUNTY COUNCIL,Clontarf,House,RT-0825-01529032-25,4,4,,"1,750.00",130,,CLONTARF WEST E,08/2025,2025
DUBLIN CITY COUNTY COUNCIL,Clontarf,House,RT-0425-01387588,4,8,,"3,400.00",130,,CLONTARF EAST C,04/2025,
DUBLIN CITY COUNTY COUNCIL,Clontarf,House,RT-1025-01610691,4,4,,"3,600.00",125,,CLONTARF WEST D,10/2025,
DUBLIN CITY COUNTY COUNCIL,Clontarf,House,RT-0619-01490789-25,4,7,,"3,184.00",125,,BEAUMONT E,06/2019,2025
DUBLIN CITY COUNTY COUNCIL,Clontarf,House,RT-0924-01133341-25,4,4,,"1,950.00",121,,BEAUMONT E,09/2024,2025
DUBLIN CITY COUNTY COUNCIL,Clontarf,House,RT-0525-01412913-26,4,6,,"1,500.00",120,,GRACE PARK,05/2025,2026
DUBLIN CITY COUNTY COUNCIL,Clontarf,House,RT-0925-01566716,4,0,,"3,850.00",100,,BEAUMONT F,09/2025,
DUBLIN CITY COUNTY COUNCIL,Clontarf,House,RT-0724-01085426-25,4,4,,"2,337.00",114,,DRUMCONDRA SOUTH A,07/2024,2025
DUBLIN CITY COUNTY COUNCIL,Clontarf,House,RT-1225-01694730,4,4,,"3,200.00",110,,GRACE PARK,12/2025,
DUBLIN CITY COUNTY COUNCIL,Clontarf,House,RT-1219-01550465-25,4,0,,"1,799.00",100,,BEAUMONT E,12/2019,2025
DUBLIN CITY COUNTY COUNCIL,Clontarf,House,RT-0825-01534767,4,4,,"3,381.00",100,,DRUMCONDRA SOUTH A,08/2025,
DUBLIN CITY COUNTY COUNCIL,Clontarf,House,RT-1218-01429769-26,4,4,,"1,650.00",100,,CLONTARF WEST D,12/2018,2026
DUBLIN CITY COUNTY COUNCIL,Clontarf,House,RT-0919-01519113-25,4,4,,"3,060.00",110,,BEAUMONT F,09/2019,2025
DUBLIN CITY COUNTY COUNCIL,Clontarf,House,RT-0824-01117593-25,4,8,,"4,000.00",110,,CLONTARF WEST E,08/2024,2025
DUBLIN CITY COUNTY COUNCIL,Clontarf,House,RT-0123-00417545-25,4,4,,"2,413.00",102,,DRUMCONDRA SOUTH A,01/2023,2025
DUBLIN CITY COUNTY COUNCIL,Clontarf,House,RT-1024-01174442-25,4,5,,"2,864.00",108,,CLONTARF EAST A,10/2024,2025
DUBLIN CITY COUNTY COUNCIL,Clontarf,House,RT-0825-01529890,4,5,C3,"3,968.00",167,,CLONTARF WEST C,08/2025,
DUBLIN CITY COUNTY COUNCIL,Clontarf,House,RT-1125-01666579,2,3,D1,"2,095.00",65,,CLONTARF WEST C,11/2025,
DUBLIN CITY COUNTY COUNCIL,Clontarf,House,RT-0925-01581968,4,8,,"2,500.00",150,,CLONTARF WEST C,09/2025,
DUBLIN CITY COUNTY COUNCIL,Clontarf,House,RT-1024-01198868-25,2,0,C2,"3,000.00",80,,CLONTARF WEST C,10/2024,2025
DUBLIN CITY COUNTY COUNCIL,Clontarf,House,RT-0424-00963942-25,2,2,E2,"2,058.00",80,,CLONTARF WEST C,04/2024,2025
DUBLIN CITY COUNTY COUNCIL,Clontarf,House,RT-0525-01417442-26,5,5,,"3,174.00",195,,CLONTARF WEST C,05/2025,2026
DUBLIN CITY COUNTY COUNCIL,Clontarf,House,RT-0818-01381915-25,5,5,,"2,980.00",190,,CLONTARF WEST C,08/2018,2025
DUBLIN CITY COUNTY COUNCIL,Clontarf,House,RT-1119-01541004-25,4,6,B1,"1,500.00",155,,DRUMCONDRA SOUTH A,11/2019,2025
DUBLIN CITY COUNTY COUNCIL,Clontarf,House,RT-0424-00946199-26,4,5,C2,"3,087.00",50,,DRUMCONDRA SOUTH A,04/2024,2026
DUBLIN CITY COUNTY COUNCIL,Clontarf,House,RT-1125-01640501,2,2,D2,"2,500.00",66,,CLONTARF WEST B,11/2025,
DUBLIN CITY COUNTY COUNCIL,Clontarf,House,RT-1224-01255216-25,2,4,,"1,715.00",70,,CLONTARF WEST B,12/2024,2025
DUBLIN CITY COUNTY COUNCIL,Clontarf,House,RT-0925-01550378,5,0,,"3,709.00",200,,CLONTARF EAST B,09/2025,
DUBLIN CITY COUNTY COUNCIL,Clontarf,House,RT-1025-01602327,2,4,C1,"2,540.00",82,,CLONTARF EAST B,10/2025,
DUBLIN CITY COUNTY COUNCIL,Clontarf,House,RT-1024-01188967-25,2,2,C1,"2,500.00",84,,CLONTARF EAST B,10/2024,2025
DUBLIN CITY COUNTY COUNCIL,Clontarf,House,RT-0225-01330846-26,3,6,C1,"3,000.00",117,,CLONTARF EAST B,02/2025,2026
DUBLIN CITY COUNTY COUNCIL,Clontarf,House,RT-0819-01506259-25,2,3,D2,"2,030.00",74,,CLONTARF WEST B,08/2019,2025
DUBLIN CITY COUNTY COUNCIL,Clontarf,House,RT-1118-01413245-25,2,4,,"1,829.00",65,,CLONTARF EAST C,11/2018,2025
DUBLIN CITY COUNTY COUNCIL,Clontarf,House,RT-1225-01698320,4,5,B3,"3,200.00",166,,CLONTARF EAST A,12/2025,
DUBLIN CITY COUNTY COUNCIL,Clontarf,House,RT-0119-01440001-26,3,4,,"1,000.00",82,,CLONTARF EAST A,01/2019,2026
DUBLIN CITY COUNTY COUNCIL,Clontarf,House,RT-1219-01559618-25,4,7,,"2,400.00",150,,BEAUMONT F,12/2019,2025
DUBLIN CITY COUNTY COUNCIL,Clontarf,House,RT-1024-01175635-25,2,4,E2,"1,875.00",70,,HARMONSTOWN B,10/2024,2025
